{
    "CB2Consumer.py": {
        "read-data": {
            "batch_call_0": 1.6936514377593994,
            "batch_call_1": 2.55132794380188,
            "batch_call_2": 2.0327296257019043,
            "batch_call_3": 0.00971078872680664
        }
    },
    "transforms": {
        "clean_features": {
            "batch_call_0": 1.3057563304901123,
            "batch_call_1": 0.7793571949005127,
            "batch_call_2": 0.4164705276489258
        },
        "remove_features": {
            "batch_call_0": 0.7587840557098389,
            "batch_call_1": 0.4953033924102783,
            "batch_call_2": 0.30945372581481934
        },
        "clean_labels": {
            "batch_call_0": 0.5121257305145264,
            "batch_call_1": 0.3235187530517578,
            "batch_call_2": 0.17230010032653809
        },
        "convert_dtypes": {
            "batch_call_0": 1.1586523056030273,
            "batch_call_1": 0.9504818916320801,
            "batch_call_2": 0.8216795921325684
        },
        "concat_datasets": {
            "batch_call_0": 2.068091630935669,
            "batch_call_1": 1.77693510055542,
            "batch_call_2": 1.5659546852111816
        },
        "transform_gate": {
            "batch_call_0": 0.6630220413208008,
            "batch_call_1": 0.6236512660980225,
            "batch_call_2": 0.44225549697875977
        },
        "change_nans": {
            "batch_call_0": 0.1766984462738037,
            "batch_call_1": 0.34049320220947266,
            "batch_call_2": 0.5083963871002197
        },
        "save_locally": {
            "batch_call_0": 0.893561601638794,
            "batch_call_1": 0.4447665214538574,
            "batch_call_2": 0.38864588737487793
        },
        "terminate": {
            "batch_call_0": 0.019828081130981445,
            "batch_call_1": 0.02158188819885254,
            "batch_call_2": 0.02494525909423828
        }
    }
}