{
    "CB2Consumer.py": {
        "read-data": {
            "batch_call_0": 3.3879966735839844,
            "batch_call_1": 2.2604033946990967,
            "batch_call_2": 1.221024751663208,
            "batch_call_3": 0.0
        }
    },
    "transforms": {
        "clean_features.py": {
            "batch_call_0": 0.07307720184326172,
            "batch_call_1": 0.04900002479553223,
            "batch_call_2": 0.02603745460510254
        },
        "remove_features.py": {
            "batch_call_0": 0.42101263999938965,
            "batch_call_1": 0.2814199924468994,
            "batch_call_2": 0.15095305442810059
        },
        "clean_labels.py": {
            "batch_call_0": 0.05339646339416504,
            "batch_call_1": 0.039237022399902344,
            "batch_call_2": 0.018998146057128906
        },
        "convert_dtypes.py": {
            "batch_call_0": 2.3161511421203613,
            "batch_call_1": 1.5040349960327148,
            "batch_call_2": 0.7900586128234863
        },
        "concat_datasets.py": {
            "batch_call_0": 0.7723824977874756,
            "batch_call_1": 0.8203694820404053,
            "batch_call_2": 0.7429749965667725
        },
        "transform_gate.py": {
            "batch_call_0": 0.0,
            "batch_call_1": 0.0,
            "batch_call_2": 0.0
        },
        "change_nans.py": {
            "batch_call_0": 0.16463971138000488,
            "batch_call_1": 0.3250274658203125,
            "batch_call_2": 0.38103294372558594
        },
        "save_locally.py": {
            "batch_call_0": 11.247261047363281,
            "batch_call_1": 7.839167594909668,
            "batch_call_2": 3.809718370437622
        },
        "terminate.py": {
            "batch_call_0": 0.011991024017333984,
            "batch_call_1": 0.00800633430480957,
            "batch_call_2": 0.006000995635986328
        }
    },
    "CB2Provider.py": {
        "virtual_db": {
            "_call_0": 0.042009830474853516
        },
        "train_test_split": {
            "_call_0": 0.0030007362365722656
        },
        "compute_x_train": {
            "_call_0": 8.960166931152344
        },
        "compute_x_test": {
            "_call_0": 0.6193788051605225
        }
    },
    "SK_CrossValidate.py": {
        "cross-validation": {
            "_call_0": 44.71191883087158
        },
        "validator-post-processing": {
            "_call_0": 0.0
        }
    },
    "ConfusionMatrix.py": {
        "full-process": {
            "_call_0": 0.18799400329589844
        }
    },
    "Descriptives.py": {
        "full-process": {
            "_call_0": 0.0
        }
    }
}