iter	Logloss
0	0.5246811046
1	0.4633108275
2	0.4231551582
3	0.4002500304
4	0.3760074801
